image_id,prediction,confidence
test_00001,4,0.8183
test_00002,4,0.5565
test_00003,4,0.8232
test_00004,4,0.7303
test_00005,3,0.6522
test_00006,3,0.7207
test_00007,1,0.7990
test_00008,0,0.8080
test_00009,3,0.8476
test_00010,1,0.7930
test_00011,4,0.7771
test_00012,0,0.6633
test_00013,0,0.7758
test_00014,0,0.7277
test_00015,3,0.8285
test_00016,5,0.6368
test_00017,1,0.8206
test_00018,0,0.5405
test_00019,1,0.6499
test_00020,2,0.7121
test_00021,2,0.6325
test_00022,2,0.5953
test_00023,4,0.8346
test_00024,0,0.6823
test_00025,2,0.5376
test_00026,5,0.8130
test_00027,0,0.5104
test_00028,1,0.8325
test_00029,4,0.7295
test_00030,2,0.8073
test_00031,4,0.8458
test_00032,0,0.4923
test_00033,2,0.8003
test_00034,5,0.8301
test_00035,2,0.5326
test_00036,3,0.7142
test_00037,3,0.8121
test_00038,4,0.7564
test_00039,2,0.8351
test_00040,2,0.8787
test_00041,1,0.4269
test_00042,2,0.6363
test_00043,5,0.8484
test_00044,0,0.6217
test_00045,4,0.8237
test_00046,5,0.6732
test_00047,4,0.8454
test_00048,2,0.8100
test_00049,4,0.7137
test_00050,4,0.8463
test_00051,3,0.6191
test_00052,0,0.8002
test_00053,4,0.8566
test_00054,1,0.4377
test_00055,3,0.5504
test_00056,2,0.7172
test_00057,3,0.7342
test_00058,0,0.7642
test_00059,0,0.7710
test_00060,5,0.4750
test_00061,1,0.7706
test_00062,4,0.6286
test_00063,5,0.4699
test_00064,3,0.8194
test_00065,1,0.8434
test_00066,3,0.8009
test_00067,1,0.7039
test_00068,0,0.7785
test_00069,2,0.6118
test_00070,5,0.6766
test_00071,0,0.7554
test_00072,5,0.8569
test_00073,3,0.6750
test_00074,4,0.7230
test_00075,1,0.8032
test_00076,3,0.6189
test_00077,0,0.6240
test_00078,5,0.7773
test_00079,2,0.6271
test_00080,3,0.8255
test_00081,4,0.8690
test_00082,0,0.7174
test_00083,3,0.6095
test_00084,1,0.7740
test_00085,1,0.4697
test_00086,3,0.8265
test_00087,3,0.4940
test_00088,2,0.6312
test_00089,1,0.8360
test_00090,4,0.8443
test_00091,1,0.8256
test_00092,0,0.8041
test_00093,1,0.7564
test_00094,4,0.8373
test_00095,3,0.8254
test_00096,0,0.8167
test_00097,1,0.4768
test_00098,2,0.5681
test_00099,3,0.8217
test_00100,3,0.8451
test_00101,1,0.8169
test_00102,5,0.6629
test_00103,1,0.5390
test_00104,2,0.8260
test_00105,5,0.7997
test_00106,4,0.6356
test_00107,0,0.5671
test_00108,2,0.5021
test_00109,4,0.8593
test_00110,3,0.7035
test_00111,2,0.8460
test_00112,5,0.3555
test_00113,4,0.6041
test_00114,3,0.8273
test_00115,1,0.8173
test_00116,1,0.8374
test_00117,2,0.8468
test_00118,5,0.7262
test_00119,5,0.6785
test_00120,5,0.4486
test_00121,5,0.7981
test_00122,2,0.6709
test_00123,4,0.4938
test_00124,1,0.8476
test_00125,1,0.8346
test_00126,3,0.7433
test_00127,4,0.6591
test_00128,3,0.8429
test_00129,1,0.8391
test_00130,5,0.3790
test_00131,4,0.8597
test_00132,4,0.3846
test_00133,3,0.7656
test_00134,2,0.5859
test_00135,5,0.4725
test_00136,5,0.8668
test_00137,0,0.7208
test_00138,2,0.8365
test_00139,4,0.8839
test_00140,1,0.8282
test_00141,5,0.8082
test_00142,1,0.8118
test_00143,4,0.6647
test_00144,2,0.8745
test_00145,0,0.5662
test_00146,3,0.4670
test_00147,0,0.8316
test_00148,3,0.7201
test_00149,0,0.3611
test_00150,2,0.7799
test_00151,3,0.7232
test_00152,1,0.8340
test_00153,0,0.3195
test_00154,0,0.7701
test_00155,5,0.6427
test_00156,3,0.8455
test_00157,3,0.4586
test_00158,4,0.5673
test_00159,1,0.7745
test_00160,3,0.8249
test_00161,0,0.8484
test_00162,3,0.5718
test_00163,5,0.7841
test_00164,1,0.6977
test_00165,3,0.8310
test_00166,5,0.7948
test_00167,4,0.8037
test_00168,2,0.7673
test_00169,1,0.6594
test_00170,0,0.5727
test_00171,1,0.8201
test_00172,3,0.8037
test_00173,4,0.8117
test_00174,4,0.8701
test_00175,4,0.7422
test_00176,2,0.6396
test_00177,3,0.8575
test_00178,5,0.3766
test_00179,3,0.7764
test_00180,3,0.8335
test_00181,2,0.3152
test_00182,3,0.8278
test_00183,2,0.7178
test_00184,4,0.8677
test_00185,5,0.7848
test_00186,1,0.8006
test_00187,2,0.5627
test_00188,4,0.4860
test_00189,3,0.8148
test_00190,3,0.6110
test_00191,3,0.5045
test_00192,1,0.8243
test_00193,2,0.8055
test_00194,4,0.6503
test_00195,5,0.6993
test_00196,1,0.5454
test_00197,2,0.7154
test_00198,1,0.8522
test_00199,5,0.8476
test_00200,2,0.8330
test_00201,2,0.6782
test_00202,0,0.4529
test_00203,3,0.8263
test_00204,2,0.7636
test_00205,5,0.5650
test_00206,1,0.3817
test_00207,2,0.7936
test_00208,2,0.8402
test_00209,1,0.4426
test_00210,5,0.4405
test_00211,5,0.6978
test_00212,1,0.6609
test_00213,5,0.5924
test_00214,0,0.8194
test_00215,1,0.8230
test_00216,5,0.5796
test_00217,5,0.6307
test_00218,5,0.6907
test_00219,0,0.7410
test_00220,5,0.6079
test_00221,5,0.5358
test_00222,3,0.5637
test_00223,1,0.7690
test_00224,2,0.8237
test_00225,1,0.8328
test_00226,5,0.7591
test_00227,2,0.8385
test_00228,4,0.5886
test_00229,5,0.5073
test_00230,0,0.7743
test_00231,5,0.6150
test_00232,3,0.6527
test_00233,3,0.8248
test_00234,2,0.5033
test_00235,1,0.7558
test_00236,2,0.6572
test_00237,1,0.7964
test_00238,3,0.8617
test_00239,2,0.8129
test_00240,5,0.5341
test_00241,2,0.8316
test_00242,5,0.4205
test_00243,3,0.8299
test_00244,5,0.8098
test_00245,1,0.8432
test_00246,4,0.8680
test_00247,4,0.8435
test_00248,2,0.6645
test_00249,2,0.7862
test_00250,2,0.7913
test_00251,5,0.8385
test_00252,5,0.7506
test_00253,2,0.6454
test_00254,3,0.7983
test_00255,0,0.4722
test_00256,3,0.7246
test_00257,2,0.8247
test_00258,4,0.8705
test_00259,1,0.8419
test_00260,2,0.7943
test_00261,1,0.8353
test_00262,3,0.5393
test_00263,1,0.3449
test_00264,3,0.8624
test_00265,2,0.8639
test_00266,5,0.8070
test_00267,2,0.7832
test_00268,2,0.7504
test_00269,0,0.6761
test_00270,1,0.7242
test_00271,4,0.5722
test_00272,0,0.4560
test_00273,4,0.8231
test_00274,3,0.8306
test_00275,5,0.4845
test_00276,4,0.5619
test_00277,4,0.4785
test_00278,5,0.7933
test_00279,3,0.3932
test_00280,2,0.6201
test_00281,2,0.8346
test_00282,5,0.5323
test_00283,0,0.6379
test_00284,0,0.7090
test_00285,0,0.6508
test_00286,5,0.6716
test_00287,4,0.5129
test_00288,3,0.8401
test_00289,0,0.7257
test_00290,4,0.7838
test_00291,1,0.7797
test_00292,1,0.8327
test_00293,0,0.4499
test_00294,1,0.3710
test_00295,4,0.7425
test_00296,2,0.7667
test_00297,5,0.4418
test_00298,3,0.8082
test_00299,4,0.5491
test_00300,5,0.7029
test_00301,5,0.7681
test_00302,5,0.8123
test_00303,2,0.5489
test_00304,3,0.5352
test_00305,1,0.8239
test_00306,4,0.4131
test_00307,4,0.8200
test_00308,5,0.6847
test_00309,5,0.4236
test_00310,2,0.7309
test_00311,3,0.6306
test_00312,4,0.5380
test_00313,5,0.8355
test_00314,0,0.4258
test_00315,1,0.5655
test_00316,2,0.6562
test_00317,5,0.5864
test_00318,2,0.5723
test_00319,4,0.8084
test_00320,5,0.7017
test_00321,1,0.6974
test_00322,2,0.8091
test_00323,3,0.5201
test_00324,4,0.5352
test_00325,0,0.6553
test_00326,5,0.7137
test_00327,2,0.8374
test_00328,2,0.8462
test_00329,4,0.6980
test_00330,3,0.5642
test_00331,1,0.8173
test_00332,4,0.8536
test_00333,0,0.7383
test_00334,4,0.8613
test_00335,2,0.6655
test_00336,3,0.4667
test_00337,1,0.8453
test_00338,5,0.6775
test_00339,4,0.7262
test_00340,4,0.6126
test_00341,4,0.7303
test_00342,2,0.7974
test_00343,2,0.8481
test_00344,2,0.8290
test_00345,5,0.6343
test_00346,3,0.8344
test_00347,0,0.7851
test_00348,3,0.8371
test_00349,2,0.6309
test_00350,5,0.7335
test_00351,3,0.5247
test_00352,2,0.6200
test_00353,2,0.8096
test_00354,5,0.6250
test_00355,5,0.7926
test_00356,1,0.7252
test_00357,0,0.8173
test_00358,3,0.5186
test_00359,5,0.7505
test_00360,2,0.5020
test_00361,2,0.4734
test_00362,3,0.6939
test_00363,1,0.7151
test_00364,1,0.6644
test_00365,3,0.7611
test_00366,5,0.7362
test_00367,5,0.7674
test_00368,4,0.8344
test_00369,0,0.7940
test_00370,4,0.6965
test_00371,0,0.7984
test_00372,0,0.7692
test_00373,0,0.7905
test_00374,3,0.8516
test_00375,3,0.6621
test_00376,3,0.8095
test_00377,1,0.7160
test_00378,1,0.4898
test_00379,3,0.7922
test_00380,3,0.8167
test_00381,2,0.8256
test_00382,2,0.8108
test_00383,5,0.8033
test_00384,5,0.4968
test_00385,5,0.8073
test_00386,3,0.7343
test_00387,4,0.8666
test_00388,0,0.7098
test_00389,0,0.8233
test_00390,3,0.7076
test_00391,5,0.6730
test_00392,0,0.7159
test_00393,0,0.5255
test_00394,2,0.8184
test_00395,2,0.4889
test_00396,5,0.7234
test_00397,1,0.4018
test_00398,3,0.8203
test_00399,1,0.8299
test_00400,4,0.7038
test_00401,2,0.7184
test_00402,3,0.7288
test_00403,2,0.8579
test_00404,5,0.5051
test_00405,0,0.8283
test_00406,4,0.7764
test_00407,3,0.3532
test_00408,5,0.7489
test_00409,5,0.5649
test_00410,4,0.6128
test_00411,3,0.5970
test_00412,1,0.7121
test_00413,2,0.4272
test_00414,4,0.8744
test_00415,4,0.7879
test_00416,5,0.7877
test_00417,4,0.8667
test_00418,0,0.8628
test_00419,2,0.7731
test_00420,3,0.7915
test_00421,2,0.7364
test_00422,0,0.4786
test_00423,0,0.7807
test_00424,3,0.5895
test_00425,2,0.5098
test_00426,0,0.5584
test_00427,5,0.7903
test_00428,2,0.8379
test_00429,2,0.8696
test_00430,2,0.6314
test_00431,1,0.8557
test_00432,3,0.4749
test_00433,3,0.6234
test_00434,1,0.8290
test_00435,2,0.6475
test_00436,0,0.6915
test_00437,0,0.8184
test_00438,2,0.5884
test_00439,3,0.5552
test_00440,5,0.8051
test_00441,2,0.6807
test_00442,2,0.7237
test_00443,1,0.7968
test_00444,3,0.7877
test_00445,3,0.7796
test_00446,1,0.8185
test_00447,3,0.6704
test_00448,5,0.8116
test_00449,4,0.8608
test_00450,4,0.5770
test_00451,4,0.6766
test_00452,1,0.8304
test_00453,0,0.7710
test_00454,0,0.7045
test_00455,3,0.8083
test_00456,2,0.4951
test_00457,3,0.4145
test_00458,4,0.8540
test_00459,3,0.7176
test_00460,5,0.7585
test_00461,0,0.6057
test_00462,2,0.7033
test_00463,5,0.6773
test_00464,2,0.5319
test_00465,0,0.8201
test_00466,5,0.7493
test_00467,0,0.4641
test_00468,4,0.7657
test_00469,4,0.8664
test_00470,5,0.4624
test_00471,3,0.5816
test_00472,3,0.5556
test_00473,0,0.5323
test_00474,5,0.8158
test_00475,4,0.6613
test_00476,1,0.7621
test_00477,3,0.7891
test_00478,4,0.6703
test_00479,1,0.7312
test_00480,5,0.5609
test_00481,0,0.7405
test_00482,5,0.3131
test_00483,5,0.4056
test_00484,5,0.7156
test_00485,4,0.4119
test_00486,3,0.8400
test_00487,4,0.6984
test_00488,1,0.7327
test_00489,4,0.5306
test_00490,5,0.8048
test_00491,4,0.5222
test_00492,0,0.6453
test_00493,4,0.8310
test_00494,1,0.8095
test_00495,2,0.8072
test_00496,0,0.7860
test_00497,5,0.8307
test_00498,5,0.7743
test_00499,1,0.7897
test_00500,4,0.8092
test_00501,3,0.8324
test_00502,4,0.6071
test_00503,2,0.8043
test_00504,1,0.8640
test_00505,3,0.4214
test_00506,2,0.8034
test_00507,3,0.8004
test_00508,3,0.6130
test_00509,0,0.6719
test_00510,1,0.7586
test_00511,4,0.8735
test_00512,1,0.7145
test_00513,5,0.7503
test_00514,1,0.7479
test_00515,5,0.8560
test_00516,2,0.5761
test_00517,0,0.8438
test_00518,5,0.4507
test_00519,5,0.5429
test_00520,2,0.8142
test_00521,3,0.8342
test_00522,1,0.7943
test_00523,5,0.8303
test_00524,0,0.7115
test_00525,0,0.6956
test_00526,5,0.3426
test_00527,1,0.4424
test_00528,1,0.8356
test_00529,5,0.5185
test_00530,0,0.6859
test_00531,4,0.8784
test_00532,2,0.7961
test_00533,5,0.7789
test_00534,2,0.7858
test_00535,3,0.5478
test_00536,4,0.8778
test_00537,1,0.8175
test_00538,2,0.6101
test_00539,4,0.4013
test_00540,5,0.8397
test_00541,2,0.7718
test_00542,5,0.3823
test_00543,3,0.6539
test_00544,3,0.4153
test_00545,0,0.5801
test_00546,5,0.7649
test_00547,5,0.6559
test_00548,0,0.7606
test_00549,0,0.4048
test_00550,5,0.6342
test_00551,4,0.6463
test_00552,0,0.8183
test_00553,0,0.5468
test_00554,1,0.6289
test_00555,0,0.8426
test_00556,2,0.8387
test_00557,3,0.7125
test_00558,1,0.5288
test_00559,2,0.8619
test_00560,2,0.6980
test_00561,0,0.8113
test_00562,3,0.6725
test_00563,5,0.4754
test_00564,0,0.7499
test_00565,2,0.8441
test_00566,4,0.7037
test_00567,3,0.6882
test_00568,1,0.8278
test_00569,3,0.8078
test_00570,3,0.8267
test_00571,2,0.8272
test_00572,2,0.8686
test_00573,5,0.7864
test_00574,1,0.8189
test_00575,4,0.8651
test_00576,5,0.6947
test_00577,0,0.5543
test_00578,4,0.8541
test_00579,1,0.4896
test_00580,4,0.8374
test_00581,5,0.8018
test_00582,4,0.8301
test_00583,5,0.8078
test_00584,4,0.5946
test_00585,4,0.7369
test_00586,1,0.8282
test_00587,0,0.6730
test_00588,4,0.7841
test_00589,4,0.5261
test_00590,0,0.6260
test_00591,1,0.8308
test_00592,5,0.8547
test_00593,2,0.4708
test_00594,0,0.7763
test_00595,5,0.5011
test_00596,1,0.6647
test_00597,1,0.7538
test_00598,4,0.8648
test_00599,1,0.8204
test_00600,5,0.7216
test_00601,3,0.7792
test_00602,0,0.6856
test_00603,4,0.6601
test_00604,1,0.4916
test_00605,0,0.7439
test_00606,1,0.6288
test_00607,2,0.8088
test_00608,0,0.7252
test_00609,1,0.7770
test_00610,0,0.5959
test_00611,3,0.8125
test_00612,2,0.8197
test_00613,0,0.7592
test_00614,0,0.7774
test_00615,0,0.8148
test_00616,1,0.8188
test_00617,3,0.7631
test_00618,1,0.8288
test_00619,5,0.4399
test_00620,3,0.5762
test_00621,1,0.8121
test_00622,4,0.8477
test_00623,0,0.5336
test_00624,1,0.6646
test_00625,5,0.7775
test_00626,3,0.8338
test_00627,5,0.8224
test_00628,3,0.8299
test_00629,1,0.8187
test_00630,0,0.5079
test_00631,2,0.3721
test_00632,3,0.6856
test_00633,5,0.5862
test_00634,2,0.8078
test_00635,1,0.7490
test_00636,3,0.8375
test_00637,1,0.3818
test_00638,2,0.8645
test_00639,2,0.5062
test_00640,3,0.8256
test_00641,5,0.8517
test_00642,4,0.8186
test_00643,5,0.7731
test_00644,5,0.8087
test_00645,1,0.8389
test_00646,3,0.4571
test_00647,4,0.7728
test_00648,5,0.4990
test_00649,1,0.8202
test_00650,2,0.4741
test_00651,2,0.7535
test_00652,4,0.8493
test_00653,0,0.8010
test_00654,5,0.4663
test_00655,1,0.5461
test_00656,4,0.8060
test_00657,1,0.7522
test_00658,3,0.6916
test_00659,2,0.6770
test_00660,4,0.8542
test_00661,1,0.7388
test_00662,4,0.7881
test_00663,1,0.7412
test_00664,5,0.6737
test_00665,2,0.8737
test_00666,3,0.5590
test_00667,1,0.8461
test_00668,2,0.8512
test_00669,5,0.6387
test_00670,4,0.7193
test_00671,2,0.8487
test_00672,2,0.5937
test_00673,1,0.4404
test_00674,2,0.7917
test_00675,3,0.4700
test_00676,3,0.4921
test_00677,0,0.7790
test_00678,2,0.6560
test_00679,1,0.7761
test_00680,4,0.8597
test_00681,3,0.7649
test_00682,4,0.7722
test_00683,5,0.7749
test_00684,4,0.8501
test_00685,1,0.8067
test_00686,3,0.7976
test_00687,1,0.8175
test_00688,1,0.7701
test_00689,1,0.7833
test_00690,0,0.7186
test_00691,4,0.8350
test_00692,5,0.5651
test_00693,2,0.7749
test_00694,0,0.7156
test_00695,3,0.7911
test_00696,4,0.8296
test_00697,1,0.7454
test_00698,3,0.7735
test_00699,3,0.6931
test_00700,5,0.8480
test_00701,1,0.6967
test_00702,2,0.8198
test_00703,3,0.8386
test_00704,1,0.4665
test_00705,2,0.5913
test_00706,0,0.6118
test_00707,4,0.7553
test_00708,2,0.8564
test_00709,2,0.8687
test_00710,2,0.8282
test_00711,5,0.7480
test_00712,1,0.7149
test_00713,4,0.6752
test_00714,0,0.8091
test_00715,0,0.7358
test_00716,2,0.8001
test_00717,3,0.7506
test_00718,5,0.8106
test_00719,4,0.8537
test_00720,1,0.5279
test_00721,2,0.7998
test_00722,3,0.8105
test_00723,3,0.8234
test_00724,2,0.5638
test_00725,3,0.6141
test_00726,0,0.4595
test_00727,3,0.8122
test_00728,3,0.6787
test_00729,3,0.7178
test_00730,1,0.6528
test_00731,3,0.5452
test_00732,5,0.8179
test_00733,1,0.8477
test_00734,1,0.6148
test_00735,5,0.7577
test_00736,1,0.7946
test_00737,2,0.7472
test_00738,2,0.3893
test_00739,4,0.8027
test_00740,1,0.8154
test_00741,0,0.7139
test_00742,2,0.6154
test_00743,5,0.7729
test_00744,4,0.8612
test_00745,2,0.7695
test_00746,5,0.7493
test_00747,2,0.8501
test_00748,1,0.7673
test_00749,4,0.8584
test_00750,2,0.4439
test_00751,0,0.6343
test_00752,4,0.6780
test_00753,1,0.7937
test_00754,1,0.6767
test_00755,3,0.7779
test_00756,4,0.8423
test_00757,2,0.8299
test_00758,3,0.8133
test_00759,3,0.5329
test_00760,2,0.8057
test_00761,2,0.6349
test_00762,1,0.8401
test_00763,0,0.5326
test_00764,0,0.7656
test_00765,1,0.8232
test_00766,2,0.7843
test_00767,1,0.7357
test_00768,3,0.5701
test_00769,0,0.6436
test_00770,3,0.8288
test_00771,4,0.8120
test_00772,4,0.7065
test_00773,3,0.7026
test_00774,5,0.4916
test_00775,0,0.4685
test_00776,1,0.5096
test_00777,2,0.8608
test_00778,3,0.8055
test_00779,5,0.8151
test_00780,0,0.4955
test_00781,0,0.4856
test_00782,2,0.8316
test_00783,2,0.4194
test_00784,3,0.8166
test_00785,1,0.7838
test_00786,4,0.8615
test_00787,2,0.7931
test_00788,3,0.7789
test_00789,3,0.8583
test_00790,5,0.6685
test_00791,5,0.8616
test_00792,1,0.8271
test_00793,0,0.7723
test_00794,1,0.7727
test_00795,3,0.8295
test_00796,3,0.4672
test_00797,0,0.3398
test_00798,1,0.5811
test_00799,4,0.7967
test_00800,2,0.7716
test_00801,2,0.7938
test_00802,3,0.4439
test_00803,2,0.5679
test_00804,3,0.5141
test_00805,1,0.6979
test_00806,0,0.7247
test_00807,2,0.8562
test_00808,2,0.5692
test_00809,5,0.7344
test_00810,0,0.8598
test_00811,2,0.8674
test_00812,5,0.6037
test_00813,0,0.7458
test_00814,4,0.7881
test_00815,2,0.5543
test_00816,3,0.4353
test_00817,0,0.5484
test_00818,3,0.5425
test_00819,3,0.7943
test_00820,2,0.8215
test_00821,4,0.5224
test_00822,5,0.7158
test_00823,4,0.5063
test_00824,0,0.8301
test_00825,3,0.7774
test_00826,0,0.6018
test_00827,5,0.8217
test_00828,3,0.6512
test_00829,3,0.6078
test_00830,2,0.8030
test_00831,0,0.5571
test_00832,0,0.7223
test_00833,0,0.7344
test_00834,0,0.7579
test_00835,5,0.5797
test_00836,2,0.7509
test_00837,3,0.4987
test_00838,2,0.4585
test_00839,4,0.6742
test_00840,0,0.7281
test_00841,2,0.7879
test_00842,0,0.8246
test_00843,1,0.7914
test_00844,5,0.5486
test_00845,4,0.8319
test_00846,5,0.5023
test_00847,0,0.5914
test_00848,4,0.8136
test_00849,5,0.7199
test_00850,5,0.7336
test_00851,3,0.8110
test_00852,4,0.7741
test_00853,5,0.4523
test_00854,0,0.4933
test_00855,2,0.7355
test_00856,3,0.6948
test_00857,5,0.6166
test_00858,5,0.5946
test_00859,1,0.8541
test_00860,3,0.6829
test_00861,1,0.7366
test_00862,2,0.8126
test_00863,1,0.8475
test_00864,1,0.7373
test_00865,1,0.5613
test_00866,4,0.8625
test_00867,1,0.7814
test_00868,3,0.4302
test_00869,0,0.6944
test_00870,4,0.7514
test_00871,2,0.8302
test_00872,3,0.8051
test_00873,2,0.7160
test_00874,1,0.8159
test_00875,2,0.6528
test_00876,4,0.6303
test_00877,0,0.7376
test_00878,0,0.8421
test_00879,2,0.7772
test_00880,1,0.8290
test_00881,1,0.7924
test_00882,2,0.8284
test_00883,5,0.8550
test_00884,3,0.8007
test_00885,5,0.7849
test_00886,4,0.5735
test_00887,0,0.5033
test_00888,1,0.3989
test_00889,5,0.3639
test_00890,1,0.7947
test_00891,1,0.7768
test_00892,0,0.7592
test_00893,0,0.4682
test_00894,4,0.4745
test_00895,5,0.6612
test_00896,5,0.6850
test_00897,3,0.4508
test_00898,5,0.8338
test_00899,5,0.4498
test_00900,2,0.5987
test_00901,3,0.8242
test_00902,5,0.6160
test_00903,3,0.8316
test_00904,0,0.8364
test_00905,3,0.4045
test_00906,2,0.5654
test_00907,3,0.7715
test_00908,0,0.5851
test_00909,3,0.7636
test_00910,2,0.6569
test_00911,4,0.7907
test_00912,2,0.8232
test_00913,5,0.7759
test_00914,5,0.4072
test_00915,0,0.8284
test_00916,4,0.8305
test_00917,5,0.8238
test_00918,0,0.7953
test_00919,0,0.7333
test_00920,0,0.7445
test_00921,4,0.7993
test_00922,5,0.7796
test_00923,5,0.5941
test_00924,1,0.8489
test_00925,0,0.8055
test_00926,1,0.7735
test_00927,5,0.5961
test_00928,4,0.8777
test_00929,5,0.6136
test_00930,2,0.6510
test_00931,3,0.5473
test_00932,3,0.3629
test_00933,3,0.7112
test_00934,1,0.3781
test_00935,5,0.6511
test_00936,3,0.4810
test_00937,3,0.6014
test_00938,5,0.7765
test_00939,5,0.4676
test_00940,0,0.6317
test_00941,5,0.7440
test_00942,0,0.4043
test_00943,4,0.8676
test_00944,2,0.7687
test_00945,2,0.8455
test_00946,5,0.6586
test_00947,2,0.7743
test_00948,0,0.5782
test_00949,2,0.7192
test_00950,0,0.8053
test_00951,2,0.7144
test_00952,5,0.5855
test_00953,4,0.8142
test_00954,5,0.7426
test_00955,2,0.7810
test_00956,3,0.7824
test_00957,1,0.8285
test_00958,4,0.8156
test_00959,5,0.7407
test_00960,3,0.8293
test_00961,0,0.5435
test_00962,2,0.8697
test_00963,0,0.5952
test_00964,1,0.7972
test_00965,4,0.8350
test_00966,4,0.8455
test_00967,5,0.8303
test_00968,1,0.4818
test_00969,1,0.8347
test_00970,3,0.3711
test_00971,4,0.8130
test_00972,5,0.7004
test_00973,2,0.7185
test_00974,1,0.8447
test_00975,0,0.7423
test_00976,4,0.7655
test_00977,0,0.8101
test_00978,0,0.6295
test_00979,2,0.8353
test_00980,1,0.8431
test_00981,2,0.5491
test_00982,2,0.7645
test_00983,2,0.5778
test_00984,5,0.7259
test_00985,4,0.5506
test_00986,0,0.7350
test_00987,2,0.7249
test_00988,3,0.7730
test_00989,4,0.8184
test_00990,4,0.8471
test_00991,2,0.8412
test_00992,3,0.8302
test_00993,5,0.3674
test_00994,0,0.7413
test_00995,3,0.8198
test_00996,1,0.6340
test_00997,5,0.4368
test_00998,2,0.7312
test_00999,0,0.8510
test_01000,2,0.4751
test_01001,2,0.8563
test_01002,4,0.4760
test_01003,4,0.4631
test_01004,0,0.4355
test_01005,1,0.8507
test_01006,0,0.7906
test_01007,3,0.5330
test_01008,1,0.4420
test_01009,5,0.7273
test_01010,4,0.8403
test_01011,5,0.3624
test_01012,4,0.5514
test_01013,2,0.5829
test_01014,3,0.8450
test_01015,5,0.4416
test_01016,1,0.8124
test_01017,2,0.4470
test_01018,2,0.8170
test_01019,4,0.6565
test_01020,2,0.7094
test_01021,1,0.7680
test_01022,3,0.8361
test_01023,0,0.5049
test_01024,3,0.8417
test_01025,5,0.5008
test_01026,0,0.7796
test_01027,1,0.8145
test_01028,3,0.5867
test_01029,1,0.8461
test_01030,3,0.7928
test_01031,3,0.5636
test_01032,3,0.8237
test_01033,1,0.7131
test_01034,3,0.8342
test_01035,1,0.5788
test_01036,5,0.8244
test_01037,3,0.7635
test_01038,5,0.8047
test_01039,2,0.8310
test_01040,0,0.8563
test_01041,3,0.7247
test_01042,4,0.5941
test_01043,0,0.3256
test_01044,2,0.6337
test_01045,4,0.8575
test_01046,5,0.4620
test_01047,0,0.5048
test_01048,4,0.8382
test_01049,3,0.7697
test_01050,0,0.5707
test_01051,5,0.7350
test_01052,2,0.8424
test_01053,1,0.3321
test_01054,5,0.3894
test_01055,0,0.7849
test_01056,1,0.7537
test_01057,2,0.7562
test_01058,2,0.5322
test_01059,5,0.7875
test_01060,0,0.7793
test_01061,4,0.4510
test_01062,2,0.8654
test_01063,1,0.8247
test_01064,2,0.4374
test_01065,1,0.7625
test_01066,2,0.6044
test_01067,1,0.7284
test_01068,4,0.8281
test_01069,1,0.7935
test_01070,0,0.4504
test_01071,4,0.6064
test_01072,0,0.6865
test_01073,4,0.8490
test_01074,3,0.7736
test_01075,0,0.8096
test_01076,5,0.6776
test_01077,5,0.5042
test_01078,0,0.6268
test_01079,5,0.3859
test_01080,4,0.8535
test_01081,1,0.7877
test_01082,4,0.4654
test_01083,0,0.2943
test_01084,5,0.7781
test_01085,4,0.8170
test_01086,4,0.8584
test_01087,1,0.8146
test_01088,2,0.8566
test_01089,5,0.6899
test_01090,3,0.8093
test_01091,2,0.8282
test_01092,2,0.5486
test_01093,4,0.8205
test_01094,5,0.5691
test_01095,3,0.7992
test_01096,0,0.4871
test_01097,1,0.6156
test_01098,4,0.8228
test_01099,1,0.7289
test_01100,3,0.8336
test_01101,0,0.7913
test_01102,5,0.4672
test_01103,0,0.7299
test_01104,3,0.6164
test_01105,2,0.6680
test_01106,0,0.4677
test_01107,5,0.8242
test_01108,4,0.8517
test_01109,4,0.2721
test_01110,5,0.7992
test_01111,3,0.6659
test_01112,2,0.6577
test_01113,3,0.8295
test_01114,4,0.5711
test_01115,5,0.6500
test_01116,2,0.6316
test_01117,1,0.8537
test_01118,5,0.6743
test_01119,3,0.8450
test_01120,5,0.7078
test_01121,3,0.6898
test_01122,4,0.5209
test_01123,4,0.8251
test_01124,2,0.7427
test_01125,5,0.7982
test_01126,2,0.8068
test_01127,0,0.7203
test_01128,5,0.8122
test_01129,2,0.8143
test_01130,5,0.4529
test_01131,4,0.4924
test_01132,2,0.8872
test_01133,2,0.4729
test_01134,0,0.7181
test_01135,3,0.4380
test_01136,3,0.4705
test_01137,3,0.6925
test_01138,2,0.8555
test_01139,2,0.7710
test_01140,3,0.7610
test_01141,5,0.5847
test_01142,4,0.3123
test_01143,1,0.8007
test_01144,2,0.6919
test_01145,1,0.5995
test_01146,3,0.2926
test_01147,5,0.7402
test_01148,0,0.8043
test_01149,2,0.4665
test_01150,2,0.7865
test_01151,3,0.7116
test_01152,1,0.5585
test_01153,1,0.8403
test_01154,5,0.4311
test_01155,5,0.7037
test_01156,4,0.5054
test_01157,1,0.7420
test_01158,1,0.8363
test_01159,3,0.8187
test_01160,3,0.6726
test_01161,1,0.8054
test_01162,1,0.7777
test_01163,1,0.3446
test_01164,3,0.8321
test_01165,3,0.7681
test_01166,1,0.6077
test_01167,3,0.7735
test_01168,5,0.6711
test_01169,2,0.6223
test_01170,3,0.6225
test_01171,3,0.8545
test_01172,2,0.6232
test_01173,3,0.4987
test_01174,4,0.4557
test_01175,2,0.7565
test_01176,5,0.6489
test_01177,3,0.7175
test_01178,0,0.3290
test_01179,1,0.5881
test_01180,4,0.8129
test_01181,4,0.6117
test_01182,3,0.8099
test_01183,4,0.3783
test_01184,1,0.7859
test_01185,1,0.6060
test_01186,2,0.8679
test_01187,0,0.6439
test_01188,0,0.6478
test_01189,1,0.4716
test_01190,1,0.7944
test_01191,4,0.8179
test_01192,2,0.7441
test_01193,4,0.8195
test_01194,1,0.8079
test_01195,3,0.7483
test_01196,3,0.5921
test_01197,3,0.8306
test_01198,0,0.7833
test_01199,5,0.7485
test_01200,5,0.5094
test_01201,0,0.6630
test_01202,3,0.6593
test_01203,1,0.5857
test_01204,5,0.6023
test_01205,5,0.6655
test_01206,2,0.8165
test_01207,4,0.8746
test_01208,5,0.8270
test_01209,2,0.7195
test_01210,3,0.8457
test_01211,1,0.6824
test_01212,0,0.7963
test_01213,1,0.8265
test_01214,2,0.4873
test_01215,3,0.4265
test_01216,4,0.6069
test_01217,3,0.8137
test_01218,4,0.7345
test_01219,2,0.5082
test_01220,2,0.8586
test_01221,2,0.4685
test_01222,4,0.8431
test_01223,5,0.7435
test_01224,4,0.3899
test_01225,2,0.8502
test_01226,0,0.7524
test_01227,2,0.5463
test_01228,2,0.5040
test_01229,3,0.4743
test_01230,3,0.5351
test_01231,1,0.7487
test_01232,5,0.7711
test_01233,2,0.8233
test_01234,4,0.8217
test_01235,0,0.7474
test_01236,5,0.7197
test_01237,2,0.8671
test_01238,5,0.3829
test_01239,2,0.6998
test_01240,4,0.5826
test_01241,5,0.5969
test_01242,3,0.7145
test_01243,2,0.7818
test_01244,5,0.7138
test_01245,4,0.8509
test_01246,5,0.7517
test_01247,0,0.7450
test_01248,4,0.4765
test_01249,2,0.7934
test_01250,1,0.8570
test_01251,3,0.8424
test_01252,3,0.8309
test_01253,0,0.6558
test_01254,4,0.5577
test_01255,3,0.4188
test_01256,1,0.8023
test_01257,4,0.8725
test_01258,5,0.7485
test_01259,5,0.5251
test_01260,4,0.6552
test_01261,3,0.6986
test_01262,4,0.6946
test_01263,2,0.4916
test_01264,4,0.7377
test_01265,2,0.8592
test_01266,3,0.7707
test_01267,5,0.6736
test_01268,0,0.8003
test_01269,0,0.7989
test_01270,4,0.4115
test_01271,3,0.7972
test_01272,5,0.7975
test_01273,5,0.6214
test_01274,4,0.7041
test_01275,0,0.4610
test_01276,2,0.8576
test_01277,4,0.8667
test_01278,2,0.7359
test_01279,5,0.6280
test_01280,2,0.8474
test_01281,1,0.7648
test_01282,5,0.8089
test_01283,5,0.7513
test_01284,2,0.7346
test_01285,3,0.5431
test_01286,1,0.8090
test_01287,0,0.5514
test_01288,1,0.8232
test_01289,5,0.7570
test_01290,2,0.8018
test_01291,2,0.4684
test_01292,2,0.7236
test_01293,1,0.8373
test_01294,1,0.7035
test_01295,2,0.8172
test_01296,2,0.4856
test_01297,2,0.8126
test_01298,3,0.4583
test_01299,5,0.7483
test_01300,5,0.6709
test_01301,1,0.7715
test_01302,2,0.7501
test_01303,2,0.8638
test_01304,5,0.4191
test_01305,0,0.8141
test_01306,3,0.7364
test_01307,1,0.4868
test_01308,1,0.8146
test_01309,2,0.4133
test_01310,1,0.8601
test_01311,4,0.8395
test_01312,4,0.8713
test_01313,3,0.7314
test_01314,2,0.8547
test_01315,0,0.5329
test_01316,4,0.8235
test_01317,1,0.8550
test_01318,4,0.7981
test_01319,4,0.8309
test_01320,2,0.5825
test_01321,2,0.6592
test_01322,5,0.6463
test_01323,0,0.7255
test_01324,2,0.5928
test_01325,1,0.7753
test_01326,3,0.8441
test_01327,3,0.7982
test_01328,4,0.8267
test_01329,0,0.6963
test_01330,3,0.8501
test_01331,1,0.7834
test_01332,5,0.6669
test_01333,5,0.5826
test_01334,4,0.8746
test_01335,3,0.8533
test_01336,2,0.8286
test_01337,3,0.5836
test_01338,3,0.7912
test_01339,5,0.7552
test_01340,1,0.8498
test_01341,4,0.8063
test_01342,0,0.7779
test_01343,2,0.5298
test_01344,5,0.6892
test_01345,0,0.7964
test_01346,1,0.7871
test_01347,5,0.7773
test_01348,4,0.8445
test_01349,5,0.6472
test_01350,0,0.7374
test_01351,1,0.3687
test_01352,3,0.4668
test_01353,3,0.8404
test_01354,1,0.8372
test_01355,4,0.5444
test_01356,1,0.6094
test_01357,2,0.5220
test_01358,1,0.4497
test_01359,4,0.8835
test_01360,1,0.8360
test_01361,1,0.7714
test_01362,5,0.8393
test_01363,5,0.6388
test_01364,3,0.4167
test_01365,5,0.4517
test_01366,5,0.8425
test_01367,0,0.8148
test_01368,0,0.7342
test_01369,4,0.8598
test_01370,2,0.7733
test_01371,3,0.7746
test_01372,2,0.4980
test_01373,0,0.8267
test_01374,5,0.6604
test_01375,4,0.8594
test_01376,2,0.6344
test_01377,3,0.4341
test_01378,3,0.7934
test_01379,5,0.6963
test_01380,5,0.8689
test_01381,1,0.6878
test_01382,2,0.8438
test_01383,1,0.8108
test_01384,5,0.7564
test_01385,2,0.5755
test_01386,0,0.7906
test_01387,4,0.8363
test_01388,3,0.8347
test_01389,1,0.7536
test_01390,3,0.8282
test_01391,0,0.7062
test_01392,5,0.4832
test_01393,2,0.5345
test_01394,3,0.5845
test_01395,3,0.7363
test_01396,4,0.7924
test_01397,0,0.6759
test_01398,2,0.4414
test_01399,3,0.8264
test_01400,3,0.5416
test_01401,4,0.8151
test_01402,5,0.7330
test_01403,0,0.7844
test_01404,5,0.8773
test_01405,2,0.4382
test_01406,1,0.6369
test_01407,3,0.7377
test_01408,4,0.8746
test_01409,1,0.7933
test_01410,1,0.8406
test_01411,2,0.8531
test_01412,3,0.7031
test_01413,3,0.8028
test_01414,5,0.7856
test_01415,0,0.6563
test_01416,2,0.5518
test_01417,0,0.7324
test_01418,4,0.8115
test_01419,0,0.7652
test_01420,4,0.6840
test_01421,3,0.8671
test_01422,1,0.7772
test_01423,3,0.5961
test_01424,0,0.4966
test_01425,2,0.8318
test_01426,1,0.3545
test_01427,4,0.5326
test_01428,3,0.5732
test_01429,4,0.8323
test_01430,0,0.6895
test_01431,1,0.6310
test_01432,0,0.8178
test_01433,2,0.5411
test_01434,0,0.5156
test_01435,1,0.5675
test_01436,3,0.6588
test_01437,3,0.5241
test_01438,2,0.8185
test_01439,3,0.6465
test_01440,3,0.4048
test_01441,5,0.3475
test_01442,3,0.5555
test_01443,5,0.7060
test_01444,3,0.8129
test_01445,3,0.4019
test_01446,0,0.7509
test_01447,1,0.4916
test_01448,2,0.8528
test_01449,1,0.7980
test_01450,1,0.8141
test_01451,2,0.5732
test_01452,4,0.8625
test_01453,2,0.7067
test_01454,2,0.7619
test_01455,5,0.8368
test_01456,1,0.3755
test_01457,3,0.4645
test_01458,1,0.8196
test_01459,3,0.5321
test_01460,0,0.7760
test_01461,2,0.7269
test_01462,1,0.7479
test_01463,5,0.4121
test_01464,5,0.8128
test_01465,1,0.5795
test_01466,3,0.7892
test_01467,5,0.4625
test_01468,2,0.8410
test_01469,1,0.8203
test_01470,1,0.5533
test_01471,5,0.8539
test_01472,0,0.7235
test_01473,3,0.8378
test_01474,4,0.7303
test_01475,0,0.2883
test_01476,0,0.7347
test_01477,3,0.8073
test_01478,3,0.6704
test_01479,0,0.8052
test_01480,1,0.7698
test_01481,3,0.5341
test_01482,5,0.4234
test_01483,2,0.6776
test_01484,5,0.7937
test_01485,0,0.7065
test_01486,3,0.5245
test_01487,5,0.5142
test_01488,5,0.8305
test_01489,1,0.7792
test_01490,1,0.8213
test_01491,0,0.4503
test_01492,2,0.7188
test_01493,4,0.6149
test_01494,2,0.8596
test_01495,0,0.8006
test_01496,5,0.4749
test_01497,4,0.8601
test_01498,4,0.7462
test_01499,4,0.7044
test_01500,0,0.7432
test_01501,5,0.6558
test_01502,3,0.8101
test_01503,3,0.7944
test_01504,3,0.6945
test_01505,2,0.8453
test_01506,3,0.4873
test_01507,4,0.6414
test_01508,5,0.7650
test_01509,0,0.6685
test_01510,1,0.5968
test_01511,4,0.3457
test_01512,5,0.6588
test_01513,1,0.8185
test_01514,0,0.4953
test_01515,5,0.4121
test_01516,3,0.8387
test_01517,4,0.4394
test_01518,5,0.4321
test_01519,5,0.7938
test_01520,1,0.3676
test_01521,3,0.8227
test_01522,2,0.7008
test_01523,0,0.4526
test_01524,1,0.8190
test_01525,2,0.7045
test_01526,5,0.8168
test_01527,3,0.4317
test_01528,0,0.7775
test_01529,2,0.3359
test_01530,1,0.5442
test_01531,0,0.7837
test_01532,4,0.6747
test_01533,4,0.6814
test_01534,0,0.7253
test_01535,0,0.8430
test_01536,0,0.3692
test_01537,2,0.6680
test_01538,1,0.8318
test_01539,3,0.7844
test_01540,4,0.8589
test_01541,0,0.6281
test_01542,2,0.8643
test_01543,0,0.7027
test_01544,1,0.7778
test_01545,1,0.8265
test_01546,0,0.7564
test_01547,3,0.8123
test_01548,4,0.6590
test_01549,2,0.6808
test_01550,2,0.8447
test_01551,5,0.8084
test_01552,4,0.7964
test_01553,5,0.4764
test_01554,3,0.6868
test_01555,4,0.8263
test_01556,1,0.6049
test_01557,4,0.8441
test_01558,5,0.7631
test_01559,4,0.5099
test_01560,5,0.7970
test_01561,1,0.8168
test_01562,2,0.4495
test_01563,2,0.6484
test_01564,3,0.8315
test_01565,5,0.8141
test_01566,1,0.7465
test_01567,3,0.8098
test_01568,3,0.4269
test_01569,4,0.8714
test_01570,0,0.6894
test_01571,0,0.7640
test_01572,0,0.3909
test_01573,3,0.7330
test_01574,5,0.5699
test_01575,0,0.7486
test_01576,3,0.8331
test_01577,4,0.7687
test_01578,0,0.6609
test_01579,5,0.8402
test_01580,5,0.8244
test_01581,1,0.8485
test_01582,0,0.4751
test_01583,1,0.8479
test_01584,3,0.5219
test_01585,2,0.8473
test_01586,0,0.7174
test_01587,5,0.3608
test_01588,2,0.7494
test_01589,3,0.6081
test_01590,4,0.8627
test_01591,0,0.7362
test_01592,3,0.8182
test_01593,3,0.7311
test_01594,1,0.5673
test_01595,5,0.5726
test_01596,2,0.5684
test_01597,5,0.6500
test_01598,5,0.6431
test_01599,5,0.8099
test_01600,0,0.5638
test_01601,4,0.6407
test_01602,2,0.8002
test_01603,4,0.6965
test_01604,0,0.5075
test_01605,3,0.7710
test_01606,1,0.8312
test_01607,5,0.4404
test_01608,1,0.4265
test_01609,1,0.6536
test_01610,4,0.7785
test_01611,2,0.6439
test_01612,0,0.7821
test_01613,2,0.6213
test_01614,1,0.5609
test_01615,2,0.8561
test_01616,2,0.8105
test_01617,5,0.5593
test_01618,5,0.7661
test_01619,4,0.4333
test_01620,5,0.5282
test_01621,5,0.7728
test_01622,5,0.4894
test_01623,2,0.7895
test_01624,4,0.8736
test_01625,0,0.5030
test_01626,4,0.4371
test_01627,5,0.4511
test_01628,5,0.4675
test_01629,2,0.7369
test_01630,5,0.5070
test_01631,2,0.4280
test_01632,3,0.7737
test_01633,4,0.8429
test_01634,2,0.8609
test_01635,3,0.5190
test_01636,0,0.7861
test_01637,4,0.8127
test_01638,5,0.8382
test_01639,4,0.8571
test_01640,5,0.7533
test_01641,1,0.8065
test_01642,4,0.8720
test_01643,1,0.8366
test_01644,5,0.4007
test_01645,0,0.4884
test_01646,5,0.6361
test_01647,0,0.7729
test_01648,4,0.8019
test_01649,3,0.6753
test_01650,1,0.3318
test_01651,0,0.4680
test_01652,2,0.8626
test_01653,2,0.7961
test_01654,3,0.7583
test_01655,2,0.5098
test_01656,3,0.7485
test_01657,5,0.7426
test_01658,1,0.6923
test_01659,2,0.6769
test_01660,4,0.5620
test_01661,4,0.5646
test_01662,1,0.4318
test_01663,1,0.5554
test_01664,1,0.7910
test_01665,4,0.2950
test_01666,3,0.8101
test_01667,4,0.5187
test_01668,2,0.8114
test_01669,3,0.5316
test_01670,4,0.7159
test_01671,1,0.7875
test_01672,3,0.5376
test_01673,4,0.7340
test_01674,2,0.5616
test_01675,1,0.8191
test_01676,0,0.8101
test_01677,1,0.8098
test_01678,2,0.7519
test_01679,2,0.5700
test_01680,0,0.7534
test_01681,5,0.8399
test_01682,1,0.8500
test_01683,0,0.7671
test_01684,5,0.7473
test_01685,5,0.6853
test_01686,2,0.7845
test_01687,2,0.5284
test_01688,1,0.4118
test_01689,3,0.7849
test_01690,4,0.8526
test_01691,4,0.7538
test_01692,1,0.7591
test_01693,3,0.6109
test_01694,3,0.7330
test_01695,1,0.6761
test_01696,0,0.5474
test_01697,4,0.8015
test_01698,3,0.7897
test_01699,1,0.8398
test_01700,3,0.5548
test_01701,4,0.4043
test_01702,0,0.8504
test_01703,3,0.5277
test_01704,4,0.8037
test_01705,2,0.7089
test_01706,1,0.8261
test_01707,2,0.4917
test_01708,1,0.7449
test_01709,2,0.8602
test_01710,3,0.4452
test_01711,1,0.8280
test_01712,2,0.8046
test_01713,5,0.8282
test_01714,3,0.4482
test_01715,3,0.5603
test_01716,0,0.4636
test_01717,5,0.7133
test_01718,0,0.7797
test_01719,3,0.7303
test_01720,0,0.8423
test_01721,1,0.8020
test_01722,5,0.8235
test_01723,1,0.8366
test_01724,4,0.4650
test_01725,0,0.3066
test_01726,0,0.7427
test_01727,2,0.4459
test_01728,1,0.6929
test_01729,3,0.7742
test_01730,2,0.8092
test_01731,4,0.8031
test_01732,4,0.8516
test_01733,5,0.7686
test_01734,2,0.7898
test_01735,3,0.8192
test_01736,4,0.4581
test_01737,2,0.5640
test_01738,0,0.5724
test_01739,3,0.5915
test_01740,3,0.8397
test_01741,2,0.5411
test_01742,0,0.7909
test_01743,5,0.8159
test_01744,1,0.4741
test_01745,3,0.5946
test_01746,2,0.8253
test_01747,5,0.7360
test_01748,2,0.7123
test_01749,4,0.7021
test_01750,2,0.8444
test_01751,0,0.8133
test_01752,5,0.7906
test_01753,2,0.8281
test_01754,4,0.6251
test_01755,1,0.8551
test_01756,1,0.7029
test_01757,5,0.8005
test_01758,2,0.8302
test_01759,2,0.8144
test_01760,4,0.7031
test_01761,1,0.8433
test_01762,5,0.7058
test_01763,5,0.7786
test_01764,0,0.3185
test_01765,0,0.5821
test_01766,1,0.6907
test_01767,4,0.8684
test_01768,3,0.8417
test_01769,1,0.8151
test_01770,2,0.7238
test_01771,5,0.7272
test_01772,2,0.6854
test_01773,3,0.5644
test_01774,3,0.6283
test_01775,1,0.8328
test_01776,3,0.7286
test_01777,0,0.8276
test_01778,4,0.8324
test_01779,3,0.7585
test_01780,1,0.8543
test_01781,1,0.8376
test_01782,0,0.4127
test_01783,0,0.4533
test_01784,0,0.4888
test_01785,2,0.5605
test_01786,2,0.4870
test_01787,0,0.5250
test_01788,3,0.5627
test_01789,4,0.6805
test_01790,4,0.5053
test_01791,0,0.7868
test_01792,5,0.8174
test_01793,5,0.4914
test_01794,1,0.8294
test_01795,1,0.8110
test_01796,5,0.5356
test_01797,5,0.7691
test_01798,1,0.4124
test_01799,5,0.4288
test_01800,4,0.4409
